[ 
    { 
        "name":"江苏", 
        "arc":[200,300,500,633,666]
    },
     { 
        "name":"北京", 
        "arc":[520,325,530,683,674]
    },
     { 
        "name":"上海", 
        "arc":[852,352,125,352,1265]
    },
     { 
        "name":"南京", 
        "arc":[524,125,562,354,632]
    },
     { 
        "name":"济宁", 
        "arc":[554,650,553,573,576]
    },
     { 
        "name":"广西", 
        "arc":[500,580,570,633,126]
    }
     ,{ 
        "name":"浙江", 
        "arc":[360,150,970,123,646]
    },
     { 
        "name":"杭州", 
        "arc":[360,740,690,873,656]
    }
    
] 