<?xml version="1.0" encoding="UTF-8"?>

<beans xmlns="http://www.springframework.org/schema/beans"
       xmlns:xsi="http://www.w3.org/2001/XMLSchema-instance" xmlns:context="http://www.springframework.org/schema/context"
       xmlns:aop="http://www.springframework.org/schema/aop" xmlns:tx="http://www.springframework.org/schema/tx"
       xmlns:mvc="http://www.springframework.org/schema/mvc"
       xsi:schemaLocation="http://www.springframework.org/schema/beans
        http://www.springframework.org/schema/beans/spring-beans.xsd
        http://www.springframework.org/schema/context
        http://www.springframework.org/schema/context/spring-context.xsd
        http://www.springframework.org/schema/aop
        http://www.springframework.org/schema/aop/spring-aop.xsd
        http://www.springframework.org/schema/tx
        http://www.springframework.org/schema/tx/spring-tx.xsd
        http://www.springframework.org/schema/mvc
        http://www.springframework.org/schema/mvc/spring-mvc.xsd">

    <!-- 扫描注解 -->
    <context:component-scan base-package="com.sdkd.controller" >
        <!-- 指定扫描哪些注解 -->
        <context:include-filter type="annotation"
                                expression="org.springframework.stereotype.Controller" />
    </context:component-scan>

    <!-- 忽略后缀的匹配 -->
    <mvc:annotation-driven>
        <mvc:path-matching suffix-pattern="false"/>
        <!-- 处理json里的日期数据，默认日期被fastjson转为时间戳数据 -->
        <mvc:message-converters>
            <bean
                    class="org.springframework.http.converter.json.MappingJackson2HttpMessageConverter">
                <property name="objectMapper">
                    <bean class="com.fasterxml.jackson.databind.ObjectMapper">
                        <property name="dateFormat">
                            <bean class="java.text.SimpleDateFormat">
                                <constructor-arg type="java.lang.String" value="yyyy-MM-dd HH:mm:ss" />
                            </bean>
                        </property>
                    </bean>
                </property>
            </bean>

        </mvc:message-converters>
    </mvc:annotation-driven>

<!--    <mvc:interceptors>-->
<!--        &lt;!&ndash; 配置登陆拦截器 &ndash;&gt;-->
<!--        <mvc:interceptor>-->
<!--            <mvc:mapping path="/**"/>-->
<!--            <mvc:exclude-mapping path="/login.html" />-->
<!--            <mvc:exclude-mapping path="/login" />-->
<!--            <mvc:exclude-mapping path="/wx**" />-->
<!--            <mvc:exclude-mapping path="/logout" />-->
<!--            <mvc:exclude-mapping path="/login.js" />-->
<!--            <mvc:exclude-mapping path="/files/**" />-->
<!--            <mvc:exclude-mapping path="/js/**"/>-->
<!--            <mvc:exclude-mapping path="/css/**"/>-->
<!--            <mvc:exclude-mapping path="/layui/**"/>-->
<!--            <mvc:exclude-mapping path="/images/**"/>-->
<!--            <mvc:exclude-mapping path="/page/informManagement/images/**"/>-->
<!--            <mvc:exclude-mapping path="/page/errorPage/**"/>-->
<!--&lt;!&ndash;            <bean class="com.tem.interceptor.LoginInterceptor"></bean>&ndash;&gt;-->

<!--        </mvc:interceptor>-->
<!--    </mvc:interceptors>interceptors-->

    <!-- 配置静态资源处理方式
        location代表物理路径
        mapping是一个映射的路径
    -->
    <mvc:annotation-driven />
    <mvc:resources mapping="/js/**" location="/view/js/"/>
    <mvc:resources mapping="/css/**" location="/view/css/"/>
    <mvc:resources mapping="/img/**" location="/view/img/"/>
    <mvc:resources mapping="/layui/**" location="/view/layui/"/>
    <mvc:resources mapping="/layer/**" location="/view/layer/"/>
    <mvc:resources mapping="/libs/**" location="/view/libs/"/>
    <mvc:resources mapping="/assets/**" location="/view/assets/"/>
    <mvc:resources mapping="/**" location="/view/"/>

    <!-- 视图解析器 -->
    <!--    配置JSP显示ViewResolver(视图解析器) -->
    <bean class="org.springframework.web.servlet.view.InternalResourceViewResolver">
        <property name="viewClass" value="org.springframework.web.servlet.view.JstlView"/>
        <property name="prefix" value="/WEB-INF/views/"/>
        <property name="suffix" value=".jsp"/>
    </bean>
    <mvc:default-servlet-handler />


</beans>