<?xml version="1.0" encoding="UTF-8"?>
<!DOCTYPE mapper PUBLIC "-//mybatis.org//DTD Mapper 3.0//EN"
        "http://mybatis.org/dtd/mybatis-3-mapper.dtd" >
<mapper namespace="com.sdkd.dao.UserDao">
    <resultMap id="userMap" type="com.sdkd.model.User">
        <id property="id" column="id"/>
        <result property="name" column="name" />
        <result property="password" column="password"/>
        <result property="is_expert" column="is_expert"/>
        <result property="phone" column="phone"/>
        <result property="wechat" column="wechat"/>
        <result property="profile" column="profile"/>
        <result property="state" column="state"/>
        <result property="userPic" column="userPic"/>
        <result property="sex" column="sex"/>
        <result property="number" column="number"/>
        <result property="birthday" column="birthday"/>
        <result property="address" column="address"/>
        <result property="email" column="email"/>
        <result property="qq" column="qq"/>
        <result property="creatTime" column="creatTime"/>
    </resultMap>
    <sql id="userInfo">
        id,
        number,
        name,
        password,
        is_expert,
        state,
        sex,
        profile,
        address,
        birthday,
        phone,
        email,
        qq,
        creatTime
    </sql>

    <sql id="userField">
        a.id as "id",
        a.name as "name",
        a.password as "password"
    </sql>
<!--按id查用户信息-->
    <select id="findById" resultMap="userMap">
        SELECT
        <include refid="userInfo"></include>
        FROM kd_user
        <where>
            id = #{id}
        </where>
    </select>
<!--    按id+password查询用户信息-->
    <select id="checkUser" resultMap="userMap">
        SELECT
        <include refid="userInfo"></include>
        FROM kd_user
        <where>
            id = #{id} AND password = #{password}
        </where>
    </select>
<!--    &lt;!&ndash; 获取所有用户 操作的id与dao内的方法名一一对应 &ndash;&gt;-->
<!--    <select id="findAll" resultType="com.sdkd.model.User">-->
<!--        select-->
<!--        <include refid="userField" />-->
<!--        from c_user as a-->
<!--    </select>-->

<!--    <select id="countByName" parameterType="String" resultType="int">-->
<!--        SELECT count(*) FROM c_user where name=#{name}-->
<!--    </select>-->

</mapper>